Code,MarketCap
060310,138086746490
095570,213140494890
006840,215670293080
054620,140720124900
265520,318617627850
211270,231815012480
139050,64956359160
027410,375209820720
282330,2283203982600
126600,242609404750
138930,2415663285000
001460,268272142500
001465,31080055500
013720,58468666620
083790,271436462460
001040,2827251106200
079160,756628678500
035760,1741174827600
311690,132495779080
00104K,314875144000
000120,2837855593600
011150,99168933480
011155,4240000000
001045,124086242700
097950,4508728707000
097955,179601684900
051500,296789650000
058820,301396169480
023460,66588000000
056730,90193313362
000480,290252133100
065770,23603934080
083660,78457638861
000590,75503122800
012030,315440726944
456440,12144775000
016610,189310894940
005830,6995040000000
000990,2060094483200
139130,1498632080380
060900,42938989300
290120,54535710070
025440,61254635760
001530,705051325500
000210,997500078400
001880,316464625400
000215,42658709500
375500,1322918202000
37550L,52904372550
37550K,40121537300
068790,166605353580
007340,826504213500
004840,130541500000
241520,104292761250
155660,70400000000
069730,60192000000
017860,1037468508000
180400,144448884960
017940,452074000000
245620,76504723719
037370,85990970840
278990,57333345700
365550,849159665000
050120,37708159080
383220,2773432230000
007700,649689635870
214270,96758847330
130500,41453398200
114090,775051545100
900290,222000625000
078930,4464583912900
083450,361528506000
006360,1365024765500
001250,241411259700
007070,2335209660600
078935,67198698900
297890,281855695890
440290,88392462900
078150,203511435620
012630,483310522890
039570,208958688050
089470,140998000000
294870,1309578647100
009540,7919511680400
267250,5584811109500
267270,1059902663400
322000,260400000000
042670,1606807796650
267260,4484263594000
329180,10466350376400
097230,293125469120
195940,1085034825300
014790,78556597075
028300,10661181341500
003580,273017436300
278650,288160093655
343090,39729059010
067630,1484598838250
024850,216148500750
047920,575564742180
115450,579465884990
046210,174269239750
204320,1556628528000
060980,352370056500
011200,12588751591920
403870,4262815001600
036640,87007536000
082740,651765785340
035000,103877654430
439730,11399950000
442770,10293450000
448760,10897800000
467930,9306000000
469480,9263700000
003560,58906362440
095340,1524068470200
099520,58141862016
175330,2592294885040
950170,226047360385
234080,203474018900
067290,103716664080
001060,766107097000
001067,12766358400
001065,10720163850
096760,250975178090
035900,2618744660400
318000,72980862050
024840,45156868890
105560,25622953072000
432320,407178354275
024120,49852500000
455250,9427950000
458320,12138525000
464680,25758380000
002380,2359358050500
021320,101864000000
344820,655589517600
036670,83848800000
009070,119700000000
009440,69997137600
112190,11329152270
119650,71615214580
044180,17099391360
092220,294118001565
151860,387360000000
046440,218976203520
003620,1540517637760
016380,748066549560
035600,366943307100
001390,435463094400
226360,60627181021
111870,41572037430
033180,120578742570
060720,310648039040
015590,97636396128
001940,422203518000
058400,121438053240
025000,221672000000
092230,240804822000
000040,44704386225
044450,205233473200
030200,10082355716000
033780,12445492221000
058850,167325200000
058860,107364170000
122450,223279622700
052900,77811814004
376190,175398000000
061970,306054298080
309960,100762817260
093050,382459200000
003550,14739103044100
034220,4071942666000
051900,4982204843000
051905,323353338000
373220,93951000000000
003555,195498814000
032640,4505829245520
011070,4780755614000
066570,15530177548600
066575,754465048800
037560,280744885625
051910,31978331379000
051915,2306640000000
079550,3150400000000
006260,2830380000000
010120,1923000000000
000680,327032516400
060370,231887794080
417200,1765734399900
229640,565947763920
108320,1223075360000
001120,1063962000000
108670,366777703000
108675,21678930000
383800,527862374800
38380K,13436663450
086960,160093563808
023150,48476915820
038340,33979354334
035420,31669675830000
160550,108554752340
053290,94199949900
181710,927568907100
060250,540160217950
104200,68948107500
400760,143058000000
005940,3893757912540
005945,201730647920
338100,78651900000
034310,481544644680
030190,643152069000
008260,142571583245
004250,183049200000
004255,14942400000
222160,79551289560
456040,759700207500
010060,1842988628000
178920,618161078100
024940,57900000000
005490,36492485745000
218410,443879247920
327260,79103706780
091340,31131897860
010950,8601325308800
010955,200493060950
419530,133760780100
019550,144401318325
950110,101020668000
034120,457288016700
151910,90418100160
036120,124250000000
099220,64653754461
036540,983472611940
255220,97775937555
040610,57027878908
049470,32491961448
184230,43069184971
005090,333576058950
016250,57281711100
001380,73921051092
004060,91091232000
001770,25026486800
002360,71236720930
009160,275458262360
123700,59454661380
025530,60034712160
034730,14039439502200
011790,3135495074400
018670,1462993674000
001740,1544347635750
006120,831954263500
006125,42859255250
210980,548097050800
395400,1049465457915
302440,4717223850000
326030,7588553925000
402340,9714774416400
260870,137271904000
361610,5226113493600
100090,768950428320
03473K,84014434000
096770,11786766544400
096775,105242311800
001510,300094758585
001515,9409596170
285130,1171531865700
28513K,61982069700
017670,11319435793100
000660,113713969413000
048550,166722212880
063440,85476138978
003570,620827852990
064960,649998395200
100840,170402339700
036530,350533549000
005610,509111531000
011810,282883494240
465770,64969549920
077970,295894505440
071970,300945131260
002820,34356770025
289080,121639690000
084870,35769444585
002710,1774667286900
089230,41773527000
161570,7721265564
032540,85540079260
022220,59149409218
069260,819615689400
048770,55178438365
246690,57903095352
317240,35549766000
002900,238770066800
024070,39312313470
057030,80013778785
037270,260377728050
040300,214200000000
051390,42980067880
052220,76130000000
079940,239310893120
078890,109738055100
000500,177694395900
399720,1223506080000
296520,14934425600
036620,265717527680
000860,143650000000
217730,109078953750
035250,3718285890000
114190,523766911900
094480,378567936700
011420,87745616140
039240,81478404080
053950,44847686520
002100,195225750000
009450,772135376000
267290,114370876400
012320,158456541000
011040,196612414740
000050,237416238200
214390,177388901200
012610,147113850275
009140,35107312950
024910,82204616475
013580,132266732670
012200,47394945289
012205,4582789680
002140,78060400250
198440,57787787720
049720,150150000000
010130,9356593130000
002240,567500000000
014570,72930000000
348150,170038594080
950190,158884736400
098460,1318857843550
035290,27405832760
900280,27729578880
215000,491992536000
121440,169847983370
366030,130734063000
076340,26793030000
009290,380575378260
014200,91250936176
017040,96209505300
029480,171199210325
017900,140803344090
037710,247468609000
026910,22771214775
397880,15207000000
421800,14232400000
440790,9396000000
456490,9492000000
465320,8343900000
030610,600584804470
339770,197362066000
053270,79901330575
007690,356820393600
005320,45758594739
001140,41759770400
066620,110250000000
043650,107864156160
006050,44979968227
060480,27614100000
078130,901924696800
307750,304720160490
002720,98287419640
243870,41046433890
035080,201497590080
204020,60240815700
402490,220557290800
114450,44000000000
083420,167040000000
186230,88725541600
014530,136688126400
900070,28054351296
204620,270878034960
019660,36182375840
014280,187707884800
014285,5444546250
053260,93974400000
008870,63300000000
001570,5601828570500
282720,124346070000
002990,185507046900
002995,3647479680
011780,4222201724100
011785,214062808800
214330,131183560322
001210,27893388789
073240,1812612410970
036190,158700000000
049080,104915816892
420770,842937907000
035460,35422936200
092440,91542000000
000270,50054503273500
024110,11163962166000
456700,22500000000
013700,69579663480
308100,29314443525
004540,101667091890
004545,6089240800
407400,124188471620
187790,40956622240
286750,41264950646
121600,1696302981000
247660,41614753600
039860,103343402085
091970,28661799638
417010,238279840320
244880,15386300000
405920,69155268120
288490,2515907136
051490,82644000000
137080,73102779420
190510,254768877280
242040,79940469840
089600,277057503850
293580,100941580000
257990,27360097800
138610,170239563520
130580,93324000000
036800,217500000000
267320,136013683960
001260,69221306880
008350,266548320850
008355,8282241000
004270,73691745600
003920,419040000000
003925,79100000000
025860,366629861340
111710,123116240000
091590,69970400000
168330,68273035000
094860,47079051800
253590,578831909640
212560,86624593000
095660,486945189900
042420,221864493300
950220,162043775135
311390,58410313750
085910,46890662570
092730,213391386000
290660,45605770440
306620,112835306935
153460,42836891840
007390,445892234200
033640,455649831520
330860,430096788500
005720,227561902250
005725,10819803000
002350,908311256100
002355,22945000000
089140,38695546525
137940,34774520448
396270,226716038400
348210,783208898400
092790,182794060000
225570,915946718400
217270,311634583500
251270,5303331073400
317860,21705603500
104620,109310669400
090350,210600000000
090355,7224765600
000320,160557104080
000325,7854777750
194700,191299449600
285490,220506076350
283100,13228271485
229500,227354184000
106520,15904036272
376930,116198503700
006280,1377842830200
142280,90357302025
234690,195630081520
005250,775965465000
005257,25041304000
065560,189726555040
004370,2116759416000
072710,310731930000
054050,132252128250
069140,21436087548
040160,47378252550
332290,56353547464
348340,412841464000
060260,32042794695
012340,49736297274
214870,45813404598
270870,72681769600
144960,217152341280
085670,197317641270
064260,298204598000
340360,108904412120
039560,157431334285
154040,31628065628
058730,76520932245
030210,214102537590
023590,973605588900
032190,528157000000
323350,78527500000
068240,440970434190
145210,89965683600
019680,228697695000
019685,29781575670
006370,101182062850
008060,222319384000
00806K,9068430360
353200,1099526581250
35320K,19655968220
000490,339227625240
178600,12369888000
020400,28861952300
008830,91672704000
048470,38850000000
008110,71230135130
004780,64328439955
005750,60103425200
017650,76680000000
006570,44380875000
007720,59976267750
389260,211420000000
317850,73005163400
290670,241230162000
078140,97894492570
065150,26309305050
001680,680833691250
001685,29254261050
084690,411012306300
084695,26856370800
036480,39216000000
128820,177775428540
117580,228525000000
027830,104490000000
104040,31457787405
129920,82427468530
016710,154458806400
438220,12831000000
442310,15399450000
457390,15477000000
457630,19152200000
471050,13786500000
020180,42348664330
003540,834206962000
003547,144100000000
003545,388960000000
045390,219876936240
009190,57515528550
108380,121313782440
006580,133847250000
014160,129856669702
047040,1654178099240
009320,59800621010
003090,1279123560000
069620,1327821495000
007680,69518270580
000430,344720000000
048910,142393668720
005710,130244400000
006340,87652802412
006345,6330198000
003220,329302478960
024890,75238453248
290380,56841307600
002880,49548661200
000300,30475633069
120240,132015578760
003310,58361985150
114920,5513035500
078600,1164140593600
012800,124042219139
015230,164290322500
096350,84336919635
140520,53934115865
131220,45919658400
010170,89264376868
054670,120868426400
001070,40121000000
023910,174000000000
006650,926250000000
001440,1167315674000
084010,312582199950
001790,291513885000
001795,18540693600
001130,234065000000
003490,8469075203000
003495,28547405800
005880,655909680300
003830,146876800000
016090,88564620000
069460,72137948928
021040,48455907955
021045,3483059660
067080,210926644500
298540,222888758360
032860,143288374320
192080,996335243100
393890,1518028135900
299170,62758442670
012510,1383935811200
224060,27350772480
302920,35508400200
213420,965932863100
317330,546728483000
077360,303064803340
004830,137200000000
004835,19766400000
090410,88942303350
024900,158917102400
263600,121548265300
194480,497932770000
263800,84163012200
199150,21129634350
206560,205072709520
261200,161639548920
145720,1596125286000
227420,29731674080
067990,164638584000
002150,260655600000
006620,153710956800
100130,172571860000
005160,412258063200
460850,196733156480
075970,65504000000
460860,639943419300
086450,734034600000
001230,266170042710
023450,103075000000
004140,104818308710
099410,31618239670
007590,86743965490
005960,119999436890
005965,5417568000
026960,1743753000000
002210,137552111900
102260,228075851520
033500,351776764620
025950,170520000000
000640,691396625700
170900,645261702400
088130,72827866540
028100,193223882500
282690,167268122700
041930,120712000000
001520,235581170181
001527,3671971100
084670,34659960930
082640,939106964700
060380,37902800000
001525,3545775940
079960,153898800000
008970,84765211770
228340,45500000000
092780,59587281500
088910,74653797960
094170,398008401000
049770,614565497000
013120,271970259500
018500,86496626050
006040,1808175668500
030720,31273569600
014820,1001648793100
014825,6048141900
111380,148604000000
163560,124961000000
109860,85540000000
032960,45221089320
004890,112166193750
002690,38651885440
023790,17918814303
005290,1912619176800
025900,1388797636500
000020,271493888400
000150,1503668985000
000157,59297723200
454910,4790196522000
241560,4706698343700
034020,10402713011040
000155,202620623400
131970,726180368200
336260,1300050461100
33626K,86600016000
33626L,26488481000
016740,127802718200
073190,30398821600
176750,170258886000
030350,36359821852
203650,193060951510
223250,67571448000
060570,238964170680
362990,50547875790
192650,757565620500
217620,35861017410
016670,26890518336
187870,105126938460
066670,98132569500
024090,127680000000
003160,246776000000
092200,175193003345
110990,438480000000
263690,116767039100
214680,275672471700
377190,217028000000
263720,346301678450
376300,840339572400
109740,142961773900
196490,73693071600
066900,70394236785
127120,59796979200
092070,249952132800
039840,335105030500
013570,163444920930
219550,37123375950
310870,33906437169
210540,147517218880
104460,223914762500
079810,326676634020
113810,34650990162
043360,24210000000
197140,42538991760
068930,177122188800
033130,77199755360
105740,81252104000
263020,44591571600
290550,175109319980
187220,53810896600
383930,128960086560
163430,39416507530
131180,32285000000
315640,184190716620
317120,40137300000
042510,139784548145
232680,116067006840
418420,195302748380
300120,147102244720
171120,119373352000
388790,62220974400
069540,48893915112
347700,36733275950
214260,140761454160
403360,46434960000
115390,272956389300
200350,70490947410
171010,66119880680
084650,240908767550
217500,101321220000
092590,4899617856
141080,1496000492000
038390,133566414000
294140,66780000000
443250,127818849260
228670,251269666920
228850,151807778100
412350,75485112240
199550,148562542320
281740,1370481925800
277810,3131137081200
179720,29856181500
215100,100724847300
090360,322725000000
238500,26759385534
108490,354556569600
900260,25762370920
223220,22795332120
067730,32504377920
071280,135833834640
032350,685759867550
089860,989119701000
330590,760492606920
000400,887561875200
023530,2195207388000
020150,1604657058000
280360,1237816108800
004000,1225500000000
286940,568124613900
004990,3168258957400
00499K,29968431600
005300,1164499942000
005305,52333425000
011170,5235711285600
071840,236549274240
328130,1748596448000
038060,53346303521
162120,56048673600
253610,16631686030
060240,38499935976
058470,3170412960000
039980,95624254006
019570,32374014680
016100,39634355050
012700,157354503250
302550,87471718400
073570,226422833910
377450,155970000000
277070,91873320000
042500,95826918720
219420,82580450400
439090,347219112000
027740,74816226584
195500,48660040000
357430,75885900000
377480,161548754600
305090,90692651200
448780,5944449600
098120,88281574920
424980,75288280800
038290,227127330000
001080,195672500000
267980,320020430400
005990,111804177600
093520,276550504120
377030,123492265420
088980,5547496649150
094800,385726645305
100590,83424221210
067280,215142077700
072870,130653710640
215200,725057388000
133750,71157514080
446540,95027325000
235980,490949760900
200580,44303079310
041920,118470680510
233250,25324743000
014100,35282000000
236340,14168840900
054180,43458528412
086900,1153157944000
078160,241235384250
065650,60273115374
138040,16900222673400
408920,104622541100
021880,50829592272
140410,1197618885050
241770,92753024000
090370,54292222020
059210,114777908310
058110,50719674800
017180,70113882510
009900,845293842630
012690,105142358125
005360,56975380605
434480,73873721000
080420,196115190120
417970,99084883000
080160,317520000000
087260,78615159315
101330,82982098965
012860,142146140037
363260,91023467402
348030,80767958000
250060,140427785610
288980,72752713920
033200,56966460375
333050,30758303404
009680,272580000000
118990,374670189300
006920,45372600000
009580,193653646020
001810,42725375000
009200,92580714750
322970,27842695240
033920,145065000000
008420,61510515000
279600,59028240600
095500,693073477650
254490,309695100000
025560,66184749750
218150,92789820090
007120,30839243904
396690,120600087300
442900,73881600000
357250,77109898925
100790,338069570000
412930,13587200000
446190,10964250000
448830,10971600000
085620,863839002320
006800,5459954000160
00680K,565600000000
006805,61933300000
208890,4446127200
049950,242932704200
207760,206058938985
002840,781375000000
268280,667500000000
107590,182816000000
134380,155048394000
351020,12657500000
003650,140043596000
059090,312446874300
214610,75766395355
201490,93773310000
418470,186639430250
206640,374375766400
018700,57420802695
035620,49055745825
354390,44846598330
053030,347148254640
301300,87615462600
377740,455169974080
064550,632352129500
314930,73512243550
208710,44383636806
086820,131923501200
038460,66233337230
251120,108870164000
199730,49215855420
266470,5148999155
289170,12062033415
086040,93355744950
199290,14692672800
099430,399722961600
032980,45173654440
308080,99086875800
043150,451569382400
323990,441469440000
003610,90552152600
267790,56797200000
001340,349914390530
046310,46546847235
035150,252618300000
331520,44964120760
438700,86461751800
066410,96978744678
002410,42313697328
382900,159099760000
206400,124611052320
019010,101220000000
322190,954996079
177350,56161255564
299910,32483121920
424760,30489403140
007210,169000400000
225530,198046062150
250000,72840409070
002760,73796800000
003850,816724100000
310210,772507030800
006910,152302454400
000890,71646866435
226340,80862334050
206950,30054960775
003000,465462970950
001270,274801979000
001275,64050000000
026940,70100000000
014470,149229866100
011390,62304000000
005030,38288532168
008470,38746128000
338220,405210946400
100120,287553618750
406820,51526303200
337930,154234924030
099390,63367944760
064480,97890975000
288330,81415876485
365900,29972230000
251630,142529400840
018290,594962876340
044480,35567796491
439580,182611994400
033560,54036000000
191600,32689500000
369370,111593547000
126340,262603714250
121800,256309348520
148140,120570191460
082800,148009965050
318410,59996624400
002070,34054530570
100220,79929957150
419540,49089010985
146320,301912982800
200780,58334039040
413640,65439015200
141000,98856033600
090460,588306949530
083650,257147756250
445360,9094100000
142760,59095600071
065170,36211017513
086220,27069094400
086670,114703437180
335890,426998672640
230980,24543306491
138580,283079845650
082920,384747312000
054220,28119862628
042370,212220202500
030790,19208323080
050090,21169666450
307870,53717146520
357880,59948307440
032850,114368255840
148780,52168457775
238200,41963400000
093190,105044421300
065450,152146368000
210120,51571604000
005180,521130648900
072950,49040394900
266170,4067428739
143240,205274930910
003960,329462588650
008040,133805080800
007160,203000000000
014710,61039734935
006090,80941328010
452430,257818951800
419120,79223661720
122350,76870553140
419050,159005547200
014970,60046250000
018310,268275000000
012210,47241047395
053700,130767627000
009620,52308417590
023600,184176300000
001470,493286098410
448730,386500000000
006400,25924227810000
006405,371307132000
006660,69561247840
028260,29082214689000
02826K,192361635000
207940,55088676000000
032830,19380000000000
425290,12806400000
439250,34564740000
448740,45240800000
468510,22652500000
018260,12380448000000
028050,4821600000000
009150,10457117440000
009155,202907483200
005930,438182039170000
005935,52335594120000
001360,142383607480
010140,6952000000000
016360,3710415000000
068290,231500000000
029780,4350501357050
000810,14117701426000
000815,726180000000
006110,1455008492400
009300,108927000000
145990,498139586700
145995,10380463500
003230,1287392263500
225190,92869645200
002170,152700000000
272550,281827777350
000070,623478928800
000075,16662378400
003720,145180000000
002810,257244585640
361670,26156241670
054540,50960000000
065570,37338677880
005680,193200000000
023000,118000000000
004380,313320000000
002450,109723468980
032280,29703296880
002290,45074000000
004440,56084226535
000520,155973069000
009770,63999257600
037460,139686548320
032750,43544876400
054090,33944555520
005500,284950000000
000250,1679554995200
004690,407935515000
024950,72340994650
038500,330763477890
017480,76473074300
010960,81875000000
046390,79006467390
004450,68616971150
009470,114022256800
011230,73780285500
001820,341995500000
000390,182807311680
027580,113746418238
038540,188669547330
101000,40939196640
415580,11257200000
452670,10596600000
001290,86561358880
041650,79229650500
091580,218732914950
263810,64742243310
089980,319620849630
042940,40599959015
042600,306862277800
075180,76608000000
107600,289748082000
411080,132083332500
252990,369232123300
007540,145227900000
248170,126084693600
378800,71520196100
294630,154412291040
038070,84396557200
006730,461108675090
079650,30580000000
100660,62370000000
007860,255930299600
200880,534622483860
019770,51959000000
017390,298500000000
043710,34185437280
092190,168107623695
046890,580138730000
004410,67456000620
004415,4093080000
063170,201915673120
027040,28253071882
018680,41623768830
021050,62096763720
093920,106578000000
189860,40007467500
178320,768524128900
122690,76315130945
140070,145362840000
011370,87778532550
065710,97953000000
008490,300796938000
035890,293235591132
357550,341483000000
003100,128766000000
007610,54000000000
067370,114146654850
171090,239815751000
136490,170499760680
086710,98236404000
014620,330044000000
037350,61570600000
014910,34881909705
014915,3756000000
003080,58058000000
004980,206425334660
004985,9232344750
011300,94482663743
081580,33342507450
045300,39290558880
015750,786400000000
365340,1186279220000
000180,140898232000
080470,34967000000
043260,82351102128
148150,301559750790
002420,33631030400
188260,24983650600
053060,31112372278
340440,50910785016
017510,42155190000
004360,244061841600
004365,28038300000
004490,1114400000000
011560,93717000000
267080,34961296560
396300,101057442500
001430,925242670200
306200,381765980000
003030,886314598000
019440,118008900000
058650,440800000000
013000,42196395570
100700,122640000000
024830,61790000000
091090,54838923850
021820,89500000000
067830,103423055400
033530,168038604440
258830,30727986810
036630,141240000000
039310,39686450730
075580,342802219680
067770,23594426330
053450,118786208090
222810,155101667500
252500,36176132080
321370,108049121300
347000,97529704080
331920,33309723840
049180,79274350700
299660,53663744265
268600,244941204600
108860,510304418400
208370,158192274240
318160,35515555335
258250,13221843750
068270,39183542231400
068760,4393083474400
068940,29766744466
060230,105723183320
290690,356704976250
950200,94545200495
032680,72857627160
032685,3814276560
258790,33988146240
066910,89528286350
043100,33056845584
336370,849629862400
33637K,47513632460
33637L,18475867440
248070,1447660701450
035610,126611966110
357780,2115769952000
036830,1461194703200
304100,292670153600
328380,47145582528
004430,365760000000
086980,280931430000
050960,70817990000
126720,297863100000
017550,125422251300
084180,74001494036
253840,104014621760
185190,9589692750
298830,322554843930
236200,175875524850
094840,78538800000
192440,195193798200
424960,169637941200
136510,661852453600
099440,159565057210
053210,264227629800
033790,23621598000
276040,116756608200
159910,28367474274
204210,94704461500
115570,22875615420
330730,104185764200
352090,107357627010
253450,1358644109600
408900,201020625000
204630,38829190776
415380,80876031720
026890,290496879750
013810,58328770600
203690,112674995540
049830,57948458400
020710,87208669500
033170,143766390963
048870,236545863840
025320,740112374880
134790,55800000000
269620,132090012299
429270,50334812500
418250,73829263500
131090,43076000000
232830,40742002560
016590,248637549400
290520,53044775460
029530,387577115050
004970,142560000000
001000,38042905180
025870,30480000000
215600,488104508125
065350,3380525604000
416180,392326365200
011930,400580501846
005390,273620774560
004170,1720937638800
035510,215172000000
034300,86685388180
031430,589050000000
031440,148703232000
006880,84103180380
162300,151370544300
290560,39986954760
002800,96180970000
472220,9989700000
419270,18059475000
430220,15919800000
445970,12060000000
005800,86760000000
001720,623267476000
001725,463416524000
009270,131310535680
017000,35120761270
002700,131224771287
012790,85103546500
138070,47696230900
226330,190990156500
002870,29540101500
019170,635819880000
019175,42240000000
404990,210953682680
293940,631677881910
418210,9095100000
452980,37469710000
393360,15251250000
405640,16099250000
055550,22330674962050
056700,67302060210
187270,50567067325
004080,136325000000
243840,367784880750
257720,559204306840
222800,907843075500
036710,127644382800
160980,183527282400
356890,44900712600
217330,309230118760
102280,70637282701
003410,3480904836640
010280,61607101556
004770,82030945740
217320,3045000000
208640,52354335504
222420,56734368288
037760,47027760190
099320,357011662800
049960,116654000000
088280,68101038150
403550,614452310980
050890,372227571200
109670,112030380810
066790,210374085280
222080,779859493200
004920,70442570751
236030,8794160900
103660,10831447800
352480,669932652900
245450,2211944000
264660,119256768000
352700,75011472250
297090,215160300000
112610,2180261535100
900120,37181949414
359090,70485157955
286000,14455237100
115530,21340382000
115480,39737035792
340810,75228949470
376290,62330975000
189330,69391114760
096530,1300427250600
101240,48764665040
060590,211825735200
308170,92729700000
260930,96707955000
052300,58732457850
013990,212124607200
123860,312784107000
025980,570059416620
008700,160034001500
058220,10717917100
125210,183774240600
002790,2197510497000
00279K,130141870000
002795,67401834200
090430,6995733976400
090435,390111818500
357580,124208322480
052710,124959181950
074430,144475158380
092040,303078369980
083930,203140677640
149950,194157300000
036010,143563687200
002030,443220830000
183190,435551446200
002310,429464270900
050860,54562500000
012170,124801233040
136410,90026096020
246720,80015967300
067390,56669125280
159010,134814211290
127710,40977392268
267850,198579000000
020560,866152932960
154030,31305161785
227610,57511389646
143160,208433785500
054800,116412255000
332370,49311892090
122900,289828042800
339950,100006307375
099190,631544365350
289010,52227990220
214430,233101728000
040910,142179283400
368600,108737745200
052860,50015991200
010780,854180555900
069920,71668154550
038880,121150120650
307180,79304043060
101390,48799750230
456570,68324495250
451220,168516675400
447690,7640919660
078860,14707348380
090150,49580346912
123010,40300640828
031310,63788191600
185490,81629947680
059100,41576656800
149010,26832000000
262840,59948800000
175250,83379576960
052460,56824871040
119830,168259231450
052770,88405551520
124500,248219391600
372800,39838403900
084850,480878200800
114840,154817496000
027360,334741774620
139990,178552275750
032080,32301016587
013310,166480236780
059120,104894892960
158430,94934750175
149300,18699088360
067160,1475928082800
102950,52356392970
001540,104208935800
053800,715990632500
251280,11659744200
065660,136433849460
297570,48123493020
001780,315756937300
260660,81233211300
354320,268118432950
361570,102943871145
131370,249556283855
140670,148478114400
096610,51550708615
061040,126271234165
148250,31708187940
347860,146758033320
196170,8513699576800
123750,38812474365
085810,29656083231
117670,35906404275
314140,81637120620
291650,52638781200
293780,117961001140
018250,425464052850
161000,660649468220
390110,14439714933
196300,100162149780
310200,156797696320
179530,26644394260
900100,64231787620
205500,99521477766
052790,101749129240
290740,74581731510
238090,82865386560
092600,55058319815
129890,50238262720
174900,270228525000
255440,157871220000
030960,178017200000
102120,303339646180
263540,85049841450
238120,61325991440
224810,12600000000
019990,63804815520
011090,31075670038
270660,343795844400
038680,101267326860
137310,1562190780150
217480,54756837359
121890,25816254200
118000,63535926535
304360,121420083960
389500,226618976800
042110,77762268476
298060,57615303120
065420,18753252338
270210,4225197000
103230,28224000000
260970,74896299000
101490,943863668000
095910,36278375580
275630,27502209730
031330,276486360255
060540,66901263360
351320,54159079560
056190,895923562000
080000,101595695200
005850,1567637550000
214310,22516276518
246250,38523997060
258540,8250604605
041510,1863576458200
010580,173441493840
299670,9810000000
007820,103976179740
109610,201987562000
365330,89687300000
012750,2207752241800
031860,35312252565
306040,80209181640
217910,5352095064
224020,3838403153
457940,7546800000
435870,8332800000
455910,11445600000
096630,123191825198
069510,93607800000
041910,92449503510
234300,115910738820
039440,519224000000
098660,26564574000
052020,294173768700
237690,1196238090000
050760,30431505114
288620,101688634120
443670,309688549860
317830,113017350820
058610,640925704000
043340,66975000000
023960,53559159654
298690,324842400000
187660,59612962500
054630,22238939619
200710,482703130550
096690,71975957640
140910,13969290160
078520,174294878700
298380,1091949889200
203400,133918037440
195990,145191757710
003800,292221500000
088800,179360377245
241840,109614531060
311960,31239172800
453860,164624956500
312610,45780566880
015260,53824454542
172670,192197555550
234070,9366950700
445090,707978185200
072990,74430423180
227100,17685067428
044990,150071058720
239610,85195417000
462020,9081050000
148930,72244012300
044780,31145239521
357230,195846453500
355690,79339134000
071670,110600000000
045660,114896600000
224110,75027000000
021080,157920000000
089530,43367041800
200470,191476660360
207490,25200000000
262260,186928523840
007460,200216967048
109960,63126208628
003060,112512542441
397030,281310416300
244920,91335079720
278470,2260144644000
089970,337167165700
230240,209079903000
230360,340187984790
038870,76101173070
097780,69559057126
448280,345202652850
101360,879765734400
128540,65791983900
086520,16455898824000
450080,13321045595800
247540,26064058176000
383310,916765426800
038110,223137985400
073540,27018000000
064850,71755200000
036810,489527752500
173940,68113175400
083500,88244179380
446440,22745289600
054940,26771053236
043090,34481512395
950130,283653606600
205100,174151503020
356680,170404647240
070300,20845989420
317770,132361130860
092870,191806730960
317870,157374875000
067570,115545800000
236810,126466923700
140610,39521521100
333620,96062730400
101400,36281155312
036570,4259080268000
238170,9639453376
224760,15561815000
391060,52071000000
422040,15537200000
437780,11040850000
438580,7429200000
439410,18392000000
440820,16458000000
451700,29130500000
466910,18518500000
265740,74848484000
354200,56261475855
419080,144199271070
093510,10107580000
208860,25233717915
183490,143760799780
085310,76224134456
182400,139566732192
348370,4871180391000
058450,35217191000
069410,53682877760
227950,72813597590
291230,148120200480
198080,53837962500
048830,33646889631
096870,18799696000
276240,4912414180
900140,477873724635
290650,538766161250
066970,6151255902500
156100,147531898200
311060,29053770840
073110,55598468750
083310,395382732600
037950,103786000851
170920,151006548000
058630,114917996760
058970,605454480000
019590,100404523502
169330,54679469410
097520,456634392800
373170,69329447000
179290,201202073940
009780,89232000000
123040,242902033640
323230,42191168175
032790,56037307546
033160,298557458430
347890,130400802840
033310,113966802575
259630,140879150940
115960,175059760000
060850,74886510000
014440,70400000000
143540,42815899200
111770,1949704592000
009970,1243565990400
003520,373101171240
000670,928388160000
036560,196402500000
006740,96218046360
012280,48047989650
265560,95997816400
012160,56531187576
036000,41323492938
250930,24090321200
053280,125500000000
015360,228900000000
122640,421832175300
900300,18640024556
212310,28386906620
045060,52096570050
080520,55443994480
007310,1607139830000
039830,75555487800
322310,351713652100
046120,92034001600
014940,142189822320
002630,68659559895
065500,42757702464
271560,3672906662800
001800,895829534600
010470,108134701500
417860,77823660500
352910,100973010240
053980,104215478670
052420,118443737910
241790,117030817800
039200,841344669700
226400,113638805500
031510,48916000000
368970,48319647200
138080,151924558500
080580,185102250060
067170,67800020025
353590,89098944400
173130,125483349400
440320,79616600000
049480,78241733670
394280,709334636500
309930,55528767900
244460,19005080248
226950,262220400630
057540,52231951750
131030,90457707200
082210,106985084750
109080,56585440000
380540,40085557632
153710,95941525320
321820,222150565200
432430,190896654400
338840,147184378220
122990,199563542280
112290,136694568400
232140,548062938000
065530,103869900000
067900,131219541390
007530,51099914580
155650,98734995060
273640,149685900000
251370,187453191360
066430,26115368492
193250,48379060028
273060,69381925250
019210,207821939610
122870,764450407100
011690,98750863800
332570,145945093980
079000,34560000000
070960,148009998975
403490,110289559120
316140,11204046968900
032820,199503582814
041190,829920000000
115440,75387215390
046970,73801298316
082850,133927138170
215360,126480457550
072470,79515705610
073560,102125523425
037400,44894368352
153490,55752840000
101170,85185000000
006980,61800000000
066590,122689546560
017370,153288631980
103840,70702968960
046940,56572715500
215380,25369146360
065680,153718900000
105840,172344246720
018620,33511579880
010400,38795980000
457550,185890346950
049800,59900000000
016880,98869797960
095720,287609902650
396470,175708000000
005820,41777094600
307280,62793363087
032940,70225867800
240810,1609951952800
074600,737378400000
104830,390848000000
014190,84251776280
217820,273338259840
030530,294276707610
012620,37708000000
382840,276568331910
336570,745069581750
376980,81233018640
122830,159502166950
008370,50460000000
008290,29340142559
101160,378101739700
064090,85380651005
336060,69584264000
095270,71862028800
010600,85195232359
065950,78906489090
076080,54564886740
043590,33115213527
196700,25137252000
069080,582281727440
053580,139226092080
071460,22047951835
377460,26030247855
044340,163899307250
330350,111294031770
348350,98475412000
112040,1577950782800
101730,393550351440
123420,115616007360
065370,60991460040
140660,3969654192
038620,54235368975
299900,471239675420
036090,110341608688
136540,177461273600
320000,39865663940
097800,70369289776
192390,41351090935
313760,49900154220
008600,35298920475
335870,26289921072
900340,42360536924
033270,385814522500
014830,526519280000
446070,59741140450
036200,245927068460
018000,127980248128
000910,86020020690
047400,120750000000
203450,48000352890
011330,207968164850
077500,175005940450
011320,93608767275
086390,278759121940
241690,111953479950
142210,122597606040
121060,5257887930
048430,92966400000
206650,437093135930
089850,121544764200
084440,27795048000
032620,294913835350
264450,177558084980
078070,244738860520
002920,75766700000
024800,84292872300
000700,148959164640
054930,88650000000
069330,20789948315
049520,102389199200
435380,12577350000
444920,11082600000
446150,10350900000
449020,19995150000
450940,9761000000
473050,14125150000
430700,11842400000
003470,535916806560
003475,35379460880
263770,66004979020
337840,57400474680
072130,49878816120
000220,81414637780
000225,12332099200
000227,4134612000
388720,243109411200
340930,107685928500
023410,295714050975
056080,358241051600
468760,9455200000
388800,12224400000
413630,14622400000
442130,8131000000
084370,862788981300
240600,116808625860
001200,413619604860
221800,48252762900
179900,580627806750
263050,100178779875
000100,5406090913600
000105,71446870000
003460,128714482050
003465,39846249000
191410,22334764000
372170,731678701600
146060,48978169740
008730,1027960000000
072770,153452607120
008250,67468231600
039020,60414096575
025820,133935210000
067920,73344113730
044960,64220765640
303530,96585174840
296640,38267282280
302430,102462027360
279060,23912825260
214320,876000000000
274400,86174482520
056090,110701701180
073490,200741534400
215790,36697948739
344860,28150200000
246960,58618323000
088390,215874412000
272290,639382475700
053350,64815249900
452400,208642844000
041520,76788999000
264850,191042636800
054210,225597593200
164060,128415332990
065440,49995111660
088260,311640622800
139480,2062810606000
115610,71413771470
078020,241065770550
131400,184430684790
419700,26758665570
208850,15821602500
351330,86449263600
080010,54600000000
379390,25004848000
457190,1830798771000
086890,200399073810
007660,1932178100450
005950,318800028170
015020,31710184000
047560,328968921600
900110,43625137050
067010,46041030000
093230,354103029120
341310,10341453200
418620,173022923720
102710,317189959200
074610,211629962160
063760,31332436800
123570,77520751440
083470,34379270019
095190,106878402870
091120,620212283200
232530,115008224960
102460,277872824450
039030,2519347975000
294090,156645938050
088290,53442359951
084680,297083974335
181340,54259503030
353810,121380606000
350520,106203020665
334890,235611088020
099750,125076400800
377330,57094076160
035810,193483159650
160600,106895911200
092130,159577700000
096040,245561580945
134060,24990870000
001840,59417280000
000760,42252000000
024810,181597539712
014990,56409859245
041830,374935626800
352940,33907317600
101140,93812977440
216400,70481419100
079950,26123200000
389470,108628194600
277410,68581938732
060150,331067281320
033230,168626134000
450520,84404277720
006490,150711594550
037330,93256101000
100030,63441354480
023800,130583967220
034590,110900013900
211050,199250864400
083640,39792819712
216050,138193068720
049070,498800000000
119610,377991270800
017250,26959243227
129260,71097418860
051370,340814365920
064290,478781382600
189300,588186703200
150840,230717208150
048530,233249704460
023810,86300000000
175140,53752321840
115310,71041646750
039290,93373323720
071200,136132235640
101930,105728217650
249420,440581265700
000230,106864104000
013360,66234502880
003120,306565000000
333430,86188525335
068330,60752976360
003200,215107200000
007110,84892444560
007570,271016428800
007575,6631692000
178780,120790286750
008500,15480000000
019540,60540480000
081000,196995263250
020760,51513741000
103590,498312325500
094820,175365385670
271940,853359965000
015860,207752903430
226320,255915106050
950140,240798535920
049550,72053067975
389020,254106930000
254120,68274479400
043910,85705204221
234920,99046261200
289220,239136063450
317400,178981329800
033240,634765675500
174880,11610352250
049630,49427237157
417840,124558335000
000950,37968000000
110020,62204709130
208140,86122988210
040420,108331884320
045510,39166499072
217190,129783775200
095700,330009222300
072520,31667683838
122310,97801831680
361390,118962513540
066830,9067488000
187420,87050994750
225220,77239834525
123330,25445000000
159580,138826167480
147830,68100000000
033100,336507468550
079370,638949994000
054950,330054051600
023440,79585043830
090470,169697727740
287410,603343605450
137950,153202560320
033320,90793552000
417500,156711076320
348950,813189120000
204270,727155217620
194370,231772745380
026040,33502693700
452160,86247448560
126880,113355951155
322510,211030127360
254160,12358200000
033050,34012833048
094970,95297485600
418550,896467953200
025620,24890895300
089790,100369941490
030000,2128262662500
052670,60588453120
271980,244247923920
001560,85300000000
199820,106322700000
038010,68670000000
002620,171394099150
276730,58625761455
080220,933400774300
006220,388436877660
089590,897534163050
216080,277167939680
229000,62002783600
248020,12857979750
082270,489928631500
064800,272778370800
044060,70075958688
004910,78848000000
004700,351739400200
001550,67654874170
462520,219320608000
120030,123249798000
034940,56507204448
067000,204697690490
018470,256429235025
002600,100860000000
185750,1425472244000
063160,126451424100
001630,295581799000
033340,204565677380
036930,1773158541000
109070,216521943000
044380,30191614440
239340,79724818470
072020,101029866020
000440,110220201000
051980,281429444145
228760,527070731300
314130,134318197260
013890,308539835520
389030,70717545625
043610,192943254160
263860,120607542000
303030,73993532760
036180,39470918391
208350,35044846785
289860,126505926700
144510,627273656800
358570,520417662210
382480,121023205500
382800,174904309720
299480,6982367347
051160,127509303200
053050,98059442190
388610,15731347800
119850,73855601410
065060,50547764592
204840,88291355724
013870,84394839000
071320,534359035600
270520,343540296810
311320,170296560000
388050,166139800560
219750,24704412750
088790,26389217280
018120,103289472000
109820,52207718400
086060,35776988985
036890,211108496520
363250,42607816800
003780,80990000000
007370,71500418150
010640,55100000000
100250,180541793160
051630,46294000000
272450,652500000000
285800,74191011150
011000,200500602435
250030,9308666515
002780,150272312585
002787,3667411520
002785,3938916710
233990,9449534720
085660,942140631390
261780,134195036580
009310,50071777210
094850,103600000000
004650,85659048200
278280,903000000000
000650,68816943000
362320,168520578000
012600,116119947330
066360,58837122405
033250,52800000000
047820,132051222000
094360,620529095200
016790,185869614616
016920,39395891006
284620,110851912120
446600,6221321540
035720,23718451337100
293490,1935369443700
323410,13567012297650
377300,5915654224000
042000,569946769000
006380,29280000000
317530,35901659400
071850,38191978340
050110,109924111702
452300,75430381950
119860,638566519780
223310,23218027596
451760,244371043000
900310,50400798225
078340,542628363000
063080,236767392800
307930,147202300000
079190,31106321854
263700,108913662000
214370,1248873750000
221980,50031520000
038530,29160015444
001620,66664525569
424140,16113900000
436530,20410200000
192250,90671222731
029460,296155861400
115500,97440000000
281820,783351427800
089150,51450000000
025880,41706065710
093320,449936000000
093640,249482282280
073010,132825583190
105330,133298232400
053080,235426504770
432470,151782163400
272110,129038002950
039420,66908602100
083550,52918237055
032500,566252956260
225430,27301421950
102370,160327396500
068100,99495536140
381970,590712214980
145270,46859254650
036030,287252998380
064820,147246733920
256940,129178253620
024880,97105736610
042040,69086523132
054410,28088207820
258610,104737690030
274090,145919453800
402420,31149294600
089010,334447344000
220260,198124970220
176590,41695064280
052400,260099982660
402030,346077146400
391710,123679601560
046070,13092533136
047770,64900062430
080530,72805405400
417310,198364000000
357120,435146939710
104540,144030707300
027050,104600000000
007815,20456361000
007810,446432193900
00781K,5971786380
190650,34048040000
123410,157858832880
003690,1329554909040
036690,48748634970
049430,83241600000
183300,647516339600
041960,296538748800
089890,250598775820
009730,116421308940
360350,170991494000
189350,9019200000
082660,26852469390
192820,1221207168400
044820,95462974740
222040,111597480000
241710,408510000000
005070,5757654887600
005420,1346208391400
355150,70243991800
169670,35195280270
071950,16257192460
166480,289588012560
045970,206045479080
196450,56649477500
384470,223628828460
029960,337000000000
002020,216543205900
003070,182322026190
003075,10548094880
450140,238553550000
45014K,14589352800
102940,240230093800
002025,14671195700
120110,1066364776250
120115,60616134000
950160,728006300000
138490,291460000000
021240,3999939349800
033290,188965952865
056360,59172672000
282880,283172157900
121850,39645356625
448710,84611836800
015710,83006917500
052330,109956337120
322780,72034032087
036420,243282950040
200130,454176215520
031820,95146452276
294570,196889952000
192400,583219834000
284740,449868466500
317690,72433860180
078940,151584163690
432720,364867248000
456190,36840006000
365270,177764037860
348080,72501457200
086460,13859271000
060280,612091851000
372320,432885004800
040350,60477778656
051780,42290959500
115180,115187092695
445680,296832204000
182360,219494523300
405100,457945725600
066310,96146709770
136660,9339918200
016600,60247523856
355390,172511567800
264900,102946047000
26490K,8246149600
005740,90865763640
005745,6241543140
259960,10978739911000
096240,200459022400
215570,5738204410
110790,175966509600
900250,127535081870
045520,44655000000
036170,50749372702
214150,2082570969300
352770,76580314205
237880,542140590000
139670,86921377400
020120,219316854720
413600,7546000000
433530,8887325000
446840,12495000000
039490,3296696944200
054780,129015433800
336040,28629955050
219130,212791573000
346010,19440248000
318660,3658571700
434190,44437687020
360070,663967131800
180060,116845825000
065130,104970032700
134580,79843405375
014580,163291952000
015890,177418512500
006890,149640000000
023160,346090000000
003240,875132400000
011280,231181394100
323280,111416449950
053620,61404000000
052960,18888556470
004100,106430000000
004105,18183000000
116100,9247659252
009410,95302790100
009415,5176014450
044490,323919498390
124560,132537214800
001420,34846000000
007980,97893549767
191420,109469259000
073640,93006544092
066700,140776675725
095610,394969155480
055490,107681090000
308700,1840000000
064520,90914104905
089030,767617404750
258050,5886608538
054450,430853428850
078000,101587331820
200230,83864327883
214420,151304685710
393210,66417052800
215480,35142667835
051360,255230140020
045340,40736270400
108230,298482473250
079970,22687945867
199800,393548639700
417790,127705936500
105550,105509029480
290090,87127718640
026150,137738698350
322180,83258154000
117730,347822670000
033830,92700000000
057680,115407223680
204610,90007274480
064760,1105622500000
246710,143349027480
340570,402336000000
043220,72895771530
277880,162294697600
131290,623864595600
019180,68670000000
425420,363053900000
131100,52618520752
356860,231558436500
062860,57261776000
413300,3446559600
363280,191631218400
36328K,7458084000
321550,203222775000
091810,566175773820
004870,55136176342
425040,375101718300
104480,164248049238
081150,75353388210
130740,33942803790
217880,14589114400
084730,170418564160
058530,32527053360
440110,1014062462400
034230,1161669889500
033540,113379972090
388870,176989779400
043200,26629348655
214450,969087719700
217950,105877385550
208340,88036229820
005690,324091605600
177830,48295985140
037070,200000000000
150900,85985215140
037030,61312970950
047310,392368576140
266870,3306878880
368770,112525720625
170790,81247510500
049120,52839937447
038950,48450079925
441270,336772375500
106240,24887738091
131760,38046066708
065690,18025291673
140860,1200234735700
091700,463097162040
202960,8817530680
032800,25677194092
318010,57487700500
036580,116060299880
027710,176372477800
004720,104526518750
225590,30285942681
054300,46622182920
068050,86267046740
028670,2600680675880
222110,62357359200
271830,112774636380
010820,165093010130
016800,384100000000
263750,1949922399250
251970,300700000000
001020,163210698021
327610,74015206320
168360,220333739400
087010,474417619000
090080,68627823750
010770,44973307950
119500,41524548160
389140,184923024500
105760,149687760000
022100,8225078838900
058430,296100000000
009520,1016081953200
047050,9869268406800
003670,24555840740000
189690,84151664520
318020,229187123200
256630,78354044272
331380,42668823680
472850,236110710900
234100,106514726080
041020,394820454120
114630,55388992812
290720,101863240800
005670,47700000000
094940,75336087860
007330,144644052000
017810,404458950620
093380,36948630620
023900,151200000000
103140,1209247595700
005810,429436777600
371950,136763172000
370090,205363933000
445180,221017897840
341170,75207083700
220100,208644343200
035200,34203023850
334970,273121341740
950210,517427894550
321260,84858172840
296160,84333250000
053610,515350000000
303360,37408309575
377220,81815900000
335810,61440842540
053160,120000000000
405000,60906347670
041590,128414666250
367000,66017263230
075130,41223353600
222670,18056946600
009810,66290347801
237820,99538606400
023770,47779169000
300080,181554516000
150440,9508019528
032580,54137792576
051380,51619342280
241820,57658671906
237750,35341504000
319660,735754535600
031980,878667596250
002230,71477783370
057880,209792265760
043370,246120000000
239890,192853004550
347740,80128237920
137400,916470279400
257370,107645199810
147760,77794836540
128660,83959404065
006140,100800000000
376180,76061623540
304840,63373839320
062970,14520768600
087600,82400570220
291810,41121681000
378340,447507410200
161580,312108016200
347770,98628136230
163730,94307179680
417180,62471931245
446750,13175550000
448370,12364000000
454750,15592330000
454640,11855195000
469880,15340500000
406760,15820350000
418170,13312150000
430230,18889440000
435620,41385240000
086790,16547383446800
299030,465970659700
067310,1244978138600
166090,939239648700
293480,243133901280
039130,1055378373000
136480,322346445570
003380,866923506540
101670,335552562800
365590,216721113160
149980,139055915240
013030,326543670000
352820,8292932512700
126700,345162787200
106080,82319344520
071090,62795474810
400840,11238400000
450050,11030800000
221840,45909877255
106190,98569513710
019490,29212674992
000080,1400568211670
000087,17743166600
000140,209092952650
000145,5979287000
373200,32573367000
066130,65280000000
152550,25207200000
004590,59700000000
036460,2677077000000
039340,136850000000
005430,170983170000
071050,3956545432000
071055,282953523300
034950,360516811600
010040,123201186000
025540,661352500000
222980,46332228600
010100,194578183800
331660,14839000000
256840,322244542035
004090,158803441200
025550,84113000000
002200,121800000000
002960,312650000000
017890,244577203200
000240,1615797784800
080720,43819350200
123890,417185135480
015760,15920709109600
063570,213423300000
041460,86450000000
006200,44931010560
101680,22774840000
039740,26300342160
053300,222667844230
025770,321271845180
436610,13725600000
458610,9348300000
464440,9460800000
027970,200828218272
023350,64276500000
025890,30026082645
000970,149343275000
104700,303942000000
017960,536733393680
023760,202621347792
054040,110570475200
161890,1085711991000
024720,270991362400
021650,45291059510
161390,6714028739800
053590,52484809098
034830,271425922250
007280,106698282078
032300,227950050900
168490,19044760000
037230,64219704685
448900,49613850000
047810,5000472989100
123690,97532760000
003350,106048800000
030520,567014996800
052600,54118116000
011500,265673343580
002390,188560402100
256150,62458800000
092460,101460402400
053690,198002928500
042700,8254372809600
008930,2882225928000
128940,4278870994000
452190,182647451290
047080,60814786900
009240,1139042115200
452280,117657300000
020000,470925600000
003680,34773284000
066980,136846898315
105630,816000000000
069640,61417264080
016450,187000000000
010420,25349855844
009180,68270473500
114810,348116783640
070590,23942173725
213500,256094197760
014680,1930383708500
004710,214815083820
004150,125605645230
025750,64290988902
226440,100580954580
042520,194509157460
004960,83656175460
011700,170017831240
430690,82477799500
078350,218604437880
045100,298800000000
001750,132631324280
001755,7638750000
018880,3293546000000
009420,1817974202400
091440,200111392700
014130,59340000000
024740,78673702270
005860,175149379825
300720,840835095600
123840,55206356332
002220,70481294400
006390,293394060960
003300,399902505480
007770,54018900000
051600,1674000000000
052690,2709798000000
130660,251020000000
198940,61222817250
107640,217102446500
002320,357248309200
003480,97153081480
180640,4219376032800
18064K,14814741600
005110,20969420689
079170,41652000000
009460,53402399970
372910,127302267600
054920,108353591040
002680,37132002051
000880,2203786809000
00088K,337080000000
452260,281484153720
45226K,10441569650
451800,353000000000
088350,2735869500000
000370,560346792000
009830,4770017874000
009835,57816585050
272210,3149286214630
012450,9493125000000
042660,7230070016400
000885,15001902200
003530,954737598750
003535,47760000000
386580,8486400000
430460,12935200000
455310,10701900000
195870,784550000000
034810,258827013150
03481K,12500298000
076610,37161669080
059270,131483814300
101530,158977848120
220180,77437920000
143210,60486440455
900270,27617718480
214180,180562859700
234340,208911300000
084990,206068522800
000720,3864045045500
000725,53789343000
170030,120725800000
453340,397084312080
086280,7143750000000
064350,3650809700850
079430,149702205780
012330,22711360295000
319400,361949218725
010620,2512361172100
048410,822229475200
052260,139800000000
069960,1226287908400
004560,285140316010
004310,122080000000
041440,115020360480
039010,55717500000
017800,1559786161500
307950,4094400512600
011210,1634424488300
090850,130130058280
004020,4797375970750
005440,660254714735
005380,52988642253000
005387,5804579937900
005389,367399654400
005385,3846042480500
001500,293341198500
011760,248572271140
227840,101292304680
126560,412159014300
001450,2816100000000
057050,562200000000
460930,522360000000
092300,76278453360
138360,35373447648
011080,21269804742
093240,40625856592
003010,73352550190
111110,71174883200
008770,2358812072100
008775,34811997700
060560,152692751900
064240,97405673360
039610,58610552000
002460,109417000000
378850,84616590465
241590,424730824760
006060,178683600000
013520,105858397980
010690,436854329100
126640,58234593087
133820,29918118000
127980,101001034520
061250,110178359856
010660,106590000000
000850,72710000000
016580,265236998200
032560,119850000000
004800,1260047295000
094280,142397024000
097870,65712600000
298040,1794043035200
298050,1494062658000
298020,1255027780000
298000,255947242500
093370,786896547360
081660,2332885324800
290270,40976721080
005870,97682823800
353190,42607450440
192410,29592609920
090710,212028910530
078590,60173476290
205470,225630015696
115160,130811118900
028080,51379112010
200670,316122529500
079980,139035000000
065510,181317382740
215090,120843123170
005010,276164388625
263920,53606331462
243070,435460822750
084110,292187539800
145020,2209354738800
024060,150150000000
010240,71225182880
189980,85292882375
000540,315110173725
000545,4800000000
003280,664774845735
037440,97178875500
238490,70022740840
